slug,name,title,tagline,photo_url,years_experience,garments_count,apprentices_count,established_year,bio,specialties,timeline,gallery,testimonials,active
shazia-parveen,Baji Shazia Parveen,Master Tailor — Infant & Young Toddler Wear (1-2 years),At this age the fabric touches the skin more than anything else does — softness isn't optional.,#3BA776,15,"2,100+",4,2010,"Specializes in infant and young toddler clothing — first-birthday outfits, festive sets, and everyday wear for ages 1-2 — using flat-seam construction and soft, breathable fabrics suited to delicate skin.","[{""title"": ""First-birthday & festive outfits"", ""description"": ""Delicate, softly-lined sets for a young child's first formal occasions.""}, {""title"": ""Flat-seam construction"", ""description"": ""Seams finished to lie flat against sensitive young skin.""}, {""title"": ""Everyday infant wear"", ""description"": ""Soft cotton and muslin sets for daily wear, easy on and off.""}]","[{""year"": ""2010"", ""title"": ""Started with infant wear commissions"", ""description"": ""Began taking orders for first-birthday and festive outfits.""}, {""year"": ""2018"", ""title"": ""Expanded to everyday infant sets"", ""description"": ""Added daily-wear lines alongside occasion pieces.""}]","[{""image_url"": ""#3BA776"", ""title"": ""Ivory festive set"", ""caption"": ""Soft muslin, hand-finished edges"", ""tag"": ""1-2 years""}]","[{""quote"": ""The seams are so soft my daughter never fussed once, even in the heat."", ""name"": ""Ayesha Khan"", ""location"": ""Lahore""}]",true
robina-yousaf,Baji Robina Yousaf,Master Tailor — Toddler Eid & Party Wear (2-5 years),"A toddler in a beautiful outfit is still a toddler — it has to survive running, sitting, and everything in between.",#8A5FBF,18,"2,300+",5,2007,"Known for flared, flowing silhouettes built specifically for toddlers — party frocks and Angrakha-style outfits with reinforced seams that hold up to a two-year-old's day.","[{""title"": ""Toddler party frocks"", ""description"": ""Layered, gathered-skirt frocks for birthdays and festive events.""}, {""title"": ""Eid outfits for toddlers"", ""description"": ""Festive sets in easy-care fabrics that still photograph beautifully.""}, {""title"": ""Reinforced play-durable seams"", ""description"": ""Extra stitching at stress points where toddlers actually move.""}]","[{""year"": ""2007"", ""title"": ""Opened studio focused on toddler occasion wear"", ""description"": ""Built a reputation for outfits that survive a real toddler's day.""}]","[{""image_url"": ""#8A5FBF"", ""title"": ""Lilac party frock"", ""caption"": ""Ages 2-4, reinforced hem and seams"", ""tag"": ""2-5 years""}]","[{""quote"": ""It survived an entire Eid day of running around and still looked perfect in photos."", ""name"": ""Mehwish Tariq"", ""location"": ""Lahore""}]",true
amna-riaz,Baji Amna Riaz,Master Tailor — School Uniforms (5-15 years),Uniforms don't need to be beautiful. They need to survive five days a week for a year.,#3B5F73,20,"4,200+",6,2005,"Runs a high-volume school-uniform practice across multiple Lahore schools, with construction built around durability, easy alteration as children grow, and consistent sizing across large bulk orders.","[{""title"": ""Bulk school uniform stitching"", ""description"": ""Consistent sizing and durable construction across large class-wide orders.""}, {""title"": ""Growth-room uniform tailoring"", ""description"": ""Let-out seams and adjustable hems for mid-year growth spurts.""}, {""title"": ""Sports & PE kit stitching"", ""description"": ""Reinforced, easy-movement construction for active school wear.""}]","[{""year"": ""2005"", ""title"": ""Started with two school uniform contracts"", ""description"": ""Began stitching for local primary schools.""}, {""year"": ""2016"", ""title"": ""Expanded to secondary school uniforms"", ""description"": ""Added stitching for older students up to age 15.""}]","[{""image_url"": ""#3B5F73"", ""title"": ""Standard school uniform set"", ""caption"": ""Durable cotton-blend, growth room built in"", ""tag"": ""5-15 years""}]","[{""quote"": ""Three kids, three different schools, and every uniform lasted the full year without a single reorder."", ""name"": ""Nadia Chaudhry"", ""location"": ""Lahore""}]",true
nasreen-kausar,Baji Nasreen Kausar,Master Tailor — Kids' Festive & Wedding-Guest Wear (5-12 years),"A child at a wedding should look festive, notformal — there's a difference in how you cut it.",#C24B7C,22,"1,600+",4,2003,Specializes in miniature festive wear for children attending weddings and formal family events — scaled-down gharara and lehenga sets with embellishment lightened for a child's comfort and movement.,"[{""title"": ""Kids' mini lehenga & gharara"", ""description"": ""Scaled-down festive sets, lighter embellishment for comfort and movement.""}, {""title"": ""Wedding-guest outfits for children"", ""description"": ""Coordinated family-wedding outfits sized for kids.""}, {""title"": ""Lightweight embroidery placement"", ""description"": ""Embellishment positioned to avoid restricting a child's movement.""}]","[{""year"": ""2003"", ""title"": ""Began as a bridal-house apprentice"", ""description"": ""Learned embellished-garment construction on adult bridal wear.""}, {""year"": ""2013"", ""title"": ""Shifted focus entirely to children's festive wear"", ""description"": ""Specialized after repeated requests for kid-sized wedding outfits.""}]","[{""image_url"": ""#C24B7C"", ""title"": ""Girls' festive gharara set"", ""caption"": ""Ages 6-9, lightweight embellishment"", ""tag"": ""5-12 years""}]","[{""quote"": ""It looked just as festive as the adults' outfits but she could actually run around and dance in it."", ""name"": ""Sana Malik"", ""location"": ""Karachi""}]",true
farah-bhatti,Baji Farah Bhatti,Master Tailor — Boys' Kurta Shalwar & Mini Sherwani (3-14 years),"Boys need to be able to sit on the floor, run to the door, and still look sharp for the photo.",#16233B,16,"1,900+",3,2009,"Focuses on traditional boyswear scaled for children — kurta shalwar sets and miniature sherwanis for Eid, weddings, and family events — built for a boy's actual range of motion.","[{""title"": ""Boys' kurta shalwar"", ""description"": ""Everyday and festive kurta shalwar sets, ages 3-14.""}, {""title"": ""Mini sherwani construction"", ""description"": ""Scaled-down formal sherwani sets for young ring-bearers and Eid wear.""}, {""title"": ""Movement-friendly tailoring"", ""description"": ""Cut generously through the arms and legs for a child's real activity level.""}]","[{""year"": ""2009"", ""title"": ""Opened boyswear-focused studio"", ""description"": ""Started with everyday kurta shalwar for local families.""}, {""year"": ""2017"", ""title"": ""Added formal mini-sherwani line"", ""description"": ""Began taking wedding and Eid formalwear commissions.""}]","[{""image_url"": ""#16233B"", ""title"": ""Boys' mini sherwani"", ""caption"": ""Ages 5-8, ring-bearer set"", ""tag"": ""3-14 years""}]","[{""quote"": ""He wore it to the mehndi, the baraat, and the walima and it still looked new by the end."", ""name"": ""Imran Qureshi"", ""location"": ""Lahore""}]",true
sadia-mir,Baji Sadia Mir,Master Tailor — Tween Everyday & Casual Fashion (10-16 years),Tweens don't want to look like little kids or like adults — that in-between is its own skill.,#7BB0EE,12,"1,300+",2,2013,"Specializes in the tween transition — everyday and casual fashion for children moving out of purely 'kids' cuts but not yet into adult sizing, balancing trend-aware styling with age-appropriate construction.","[{""title"": ""Tween casual fashion"", ""description"": ""Trend-aware but age-appropriate everyday clothing, ages 10-13.""}, {""title"": ""Transitional sizing"", ""description"": ""Custom pattern-drafting between standard kids' and teen size charts.""}, {""title"": ""School-to-weekend versatile pieces"", ""description"": ""Garments that work for both casual school days and weekend outings.""}]","[{""year"": ""2013"", ""title"": ""Started as a general kidswear tailor"", ""description"": ""Began noticing a gap in tween-specific sizing and styling.""}, {""year"": ""2020"", ""title"": ""Specialized fully in tween fashion"", ""description"": ""Focused the practice entirely on the 10-16 age range.""}]","[{""image_url"": ""#7BB0EE"", ""title"": ""Tween casual co-ord set"", ""caption"": ""Ages 11-13"", ""tag"": ""10-16 years""}]","[{""quote"": ""Finally someone who understands my daughter doesn't want to dress like a toddler anymore."", ""name"": ""Farah Siddiqui"", ""location"": ""Lahore""}]",true
uzma-latif,Baji Uzma Latif,Master Tailor — Teen Formal & Graduation Wear (14-20 years),A farewell outfit is the last thing they wear as a kid and the first thing they choose like an adult.,#D4A24C,14,"1,050+",3,2012,"Focuses on formalwear for older teens — school farewell and graduation outfits, plus formal event wear for the 14-20 age range, bridging structured adult-style tailoring with an age-appropriate fit.","[{""title"": ""School farewell & graduation outfits"", ""description"": ""Formal event wear tailored for teens, ages 14-18.""}, {""title"": ""Young-adult formal sets"", ""description"": ""Structured formalwear for 18-20 year olds, adult-style construction at a teen fit.""}, {""title"": ""First-formalwear fittings"", ""description"": ""Guided fittings for teens being measured for structured formalwear for the first time.""}]","[{""year"": ""2012"", ""title"": ""Started with school farewell commissions"", ""description"": ""Began taking orders directly from graduating classes.""}, {""year"": ""2019"", ""title"": ""Expanded into young-adult formalwear"", ""description"": ""Extended the practice up to age 20.""}]","[{""image_url"": ""#D4A24C"", ""title"": ""Teen graduation formal set"", ""caption"": ""Ages 16-18"", ""tag"": ""14-20 years""}]","[{""quote"": ""It was the first properly tailored outfit she'd ever worn and she felt it the moment she put it on."", ""name"": ""Robina Sheikh"", ""location"": ""Lahore""}]",true
kiran-yousafzai,Baji Kiran Yousafzai,Master Tailor — Kids' Chikankari & Fine Embroidery (5-15 years),"Fine embroidery on a child's outfit has to be even more careful — smaller garments, less room for error.",#E8E4D8,17,980+,3,2008,"Adapts traditional chikankari and fine white-thread embroidery techniques specifically for children's garments, working at a smaller scale with softer base fabrics than adult chikankari wear typically uses.","[{""title"": ""Kids' chikankari construction"", ""description"": ""Base garments cut and prepared for fine embroidery at a child's scale.""}, {""title"": ""Soft-cotton festive sets"", ""description"": ""Lightweight, breathable fabrics suited to embroidered summer wear for kids.""}, {""title"": ""Delicate shadow-work finishing"", ""description"": ""Hand-finishing scaled down for smaller garment panels.""}]","[{""year"": ""2008"", ""title"": ""Trained in adult chikankari embroidery"", ""description"": ""Learned the traditional technique before adapting it for children's wear.""}, {""year"": ""2015"", ""title"": ""Shifted practice to children's garments only"", ""description"": ""Specialized fully in kids' fine embroidery.""}]","[{""image_url"": ""#E8E4D8"", ""title"": ""Girls' chikankari kurti"", ""caption"": ""Ages 7-10, hand embroidery"", ""tag"": ""5-15 years""}]","[{""quote"": ""The embroidery is just as fine as adult chikankari but scaled perfectly for her size."", ""name"": ""Zainab Larik"", ""location"": ""Hyderabad""}]",true
rukhsana-bibi,Baji Rukhsana Bibi,Master Tailor — Growth-Adjustable Everyday Wear (1-20 years),The best kids' garment is the one that still fits after the growth spurt nobody saw coming.,#B8860B,24,"3,400+",5,2001,"Specializes across the full childhood age range in growth-adjustable everyday construction — adjustable waistbands, let-out hems, and expandable seams designed to extend a garment's usable life as a child grows from toddler to young adult.","[{""title"": ""Growth-adjustable construction"", ""description"": ""Expandable waistbands and hidden let-out seams across all children's sizes.""}, {""title"": ""Full-range family tailoring"", ""description"": ""Consistent technique and fit language from age 1 through age 20.""}, {""title"": ""Hand-me-down-ready stitching"", ""description"": ""Construction built to be re-altered for a younger sibling later.""}]","[{""year"": ""2001"", ""title"": ""Opened studio focused on growth-adjustable garments"", ""description"": ""Began developing adjustable-seam techniques for growing children.""}, {""year"": ""2014"", ""title"": ""Extended range to include teens"", ""description"": ""Broadened the practice from toddlers up through age 20.""}]","[{""image_url"": ""#B8860B"", ""title"": ""Everyday set with adjustable waistband"", ""caption"": ""Ages 4-6, expandable to next size"", ""tag"": ""1-20 years""}]","[{""quote"": ""We let the waistband out twice over two years and it still looks like new. Incredible value."", ""name"": ""Waseem Akram"", ""location"": ""Lahore""}]",true
