Keyword Cluster,Primary Keyword,Search Intent,Target Page,Content Type,Priority,Monthly Search Est. (PK),Content Angle / Hook
Brand,tifl little wear,Navigational,Homepage + all pages,Brand mention,P0,High,Own the brand SERP
Brand,tifl little wear lahore,Navigational,Homepage + Contact,Brand mention,P0,High,Location clarity for local search
Brand,tifl little wear gulberg,Navigational,Contact + About,Brand mention,P0,Medium,Neighborhood specificity
Service - Custom Stitching,kids tailor lahore,Transactional,Homepage + Booking,Service page content,P0,High,'Lahore's only grow-with-me stitching studio'
Service - Custom Stitching,children stitching lahore,Transactional,Homepage + Services,Service page content,P0,High,Age 1-20 specialization
Service - Custom Stitching,girls dress stitching lahore,Transactional,Shop + Booking,Product + service content,P0,High,Showcase girl-specific designs
Service - Custom Stitching,custom kids clothes lahore,Transactional,Custom Design + Design Studio,Tool + form content,P0,Medium,Design-your-own tool as differentiator
Service - Custom Stitching,bespoke children wear lahore,Transactional,Custom Design,Luxury positioning content,P1,Low,Premium positioning for high-ticket
Service - Custom Stitching,made to measure kids lahore,Transactional,Measurements + Booking,Process education,P0,Medium,11-point measurement process
Occasion - Eid,kids eid dresses lahore,Transactional,Shop + Blog,Collection + blog content,P0,Very High,Eid-specific collection pages
Occasion - Eid,girls eid dress online pakistan,Transactional,Shop + Product pages,E-commerce content,P0,High,Online ordering + COD availability
Occasion - Eid,eid collection kids lahore 2026,Informational,Blog + Shop,Seasonal content,P0,High,Behind-the-collection blog posts
Occasion - Eid,baby girl eid dress lahore,Transactional,Shop,Product content,P0,High,Age 1-3 specific Eid designs
Occasion - Wedding,kids wedding dresses lahore,Transactional,Shop + Blog,Collection content,P0,High,Winter wedding collection focus
Occasion - Wedding,girls formal wear lahore,Transactional,Shop,Product content,P0,Medium,Formal vs casual distinction
Occasion - Wedding,children wedding outfits pakistan,Transactional,Shop,Product content,P1,Medium,Nationwide shipping angle
Problem - Growth,expandable kids clothes pakistan,Informational,Grow-With-Me Planner (NEW),Tool + guide content,P0,Medium,THE unique concept — own this term
Problem - Growth,grow with me clothes pakistan,Informational,Grow-With-Me Planner (NEW),Tool + guide content,P0,Medium,Brand the concept
Problem - Growth,kids clothes that grow with them,Informational,Grow-With-Me Planner (NEW),Educational content,P0,Medium,Problem-solution content
Problem - Growth,adjustable kids wear lahore,Transactional,Shop + Planner,Product feature content,P1,Low,Feature-specific landing
Problem - Waste/Sustainability,repurpose old kids dresses pakistan,Informational,Kapray Ki Kahani (NEW),Service + story content,P1,Low,Emotional + sustainability angle
Problem - Waste/Sustainability,memory clothes kids,Informational,Kapray Ki Kahani (NEW),Story content,P1,Low,Emotional storytelling SEO
Problem - Waste/Sustainability,sustainable kids fashion lahore,Informational,About + Blog,Values content,P1,Low,Position as sustainable choice
How-To / Education,how to measure kids for stitching,Informational,Measurements + Sizing Tool,Guide + tool content,P0,Medium,Step-by-step with video
How-To / Education,kids size calculator,Informational,Sizing Tool,Interactive tool,P0,Medium,Utility page for repeat visits
How-To / Education,how kids kurta is made,Informational,Blog: Behind The Seams,Process blog post,P1,Low,Transparency builds trust
How-To / Education,best fabric for kids summer lahore,Informational,Blog,Seasonal guide,P1,Medium,Lahore-specific climate advice
How-To / Education,kids wardrobe planner,Informational,Grow-With-Me Planner,Interactive tool,P0,Medium,Utility content = backlinks
Local / Geo,kids boutique gulberg,Transactional,Homepage + Contact,Local SEO content,P0,High,Gulberg III specificity
Local / Geo,children tailor mm alam road,Transactional,Contact + About,Local SEO content,P0,High,Landmark-based search
Local / Geo,best kids tailor lahore,Transactional,Homepage + Reviews,Social proof content,P0,High,Review aggregation + schema markup
Comparison / Research,ready made vs custom kids clothes,Informational,Blog,Comparison content,P1,Low,Objection handling content
Comparison / Research,kids stitching price lahore,Informational,Blog / FAQ,Pricing transparency,P1,Medium,Price guide blog post
